Substitution,Number_of_mutations
A[C>A]A,3.803365978891319e-05
A[C>A]C,4.09165302782324e-05
A[C>A]G,0.0
A[C>A]T,2.2825838849577724e-05
C[C>A]A,8.69187309865276e-05
C[C>A]C,0.0
C[C>A]G,0.0
C[C>A]T,4.472271914132379e-05
G[C>A]A,4.1356492969396195e-05
G[C>A]C,8.227067050596462e-05
G[C>A]G,0.0
G[C>A]T,0.0
T[C>A]A,0.0001120919153706039
T[C>A]C,7.361059992638939e-05
T[C>A]G,0.00013614703880190606
T[C>A]T,0.0
A[C>G]A,5.7050489683369785e-05
A[C>G]C,0.0
A[C>G]G,0.0
A[C>G]T,0.0
C[C>G]A,4.34593654932638e-05
C[C>G]C,0.0
C[C>G]G,0.0002079002079002079
C[C>G]T,0.0
G[C>G]A,0.0
G[C>G]C,0.0
G[C>G]G,0.0
G[C>G]T,0.0
T[C>G]A,0.0
T[C>G]C,0.0
T[C>G]G,0.00013614703880190606
T[C>G]T,0.0
A[C>T]A,0.0003042692783113055
A[C>T]C,0.0001636661211129296
A[C>T]G,0.00028142589118198874
A[C>T]T,0.00034238758274366586
C[C>T]A,8.69187309865276e-05
C[C>T]C,0.0001326259946949602
C[C>T]G,0.0008316008316008316
C[C>T]T,0.00022361359570661896
G[C>T]A,0.00016542597187758478
G[C>T]C,0.0
G[C>T]G,0.00017482517482517483
G[C>T]T,0.0002067030857817806
T[C>T]A,0.00028022978842650974
T[C>T]C,0.0002208317997791682
T[C>T]G,0.0008168822328114364
T[C>T]T,0.0003973885892705081
A[T>A]A,3.266372693124286e-05
A[T>A]C,0.0
A[T>A]G,2.122015915119363e-05
A[T>A]T,0.0
C[T>A]A,2.742355683532154e-05
C[T>A]C,0.0
C[T>A]G,0.0
C[T>A]T,0.0
G[T>A]A,0.0
G[T>A]C,0.0
G[T>A]G,0.0
G[T>A]T,0.0
T[T>A]A,3.512469265893923e-05
T[T>A]C,2.97000297000297e-05
T[T>A]G,3.766123717164108e-05
T[T>A]T,0.0
A[T>C]A,0.00013065490772497143
A[T>C]C,4.5382346267302016e-05
A[T>C]G,4.244031830238726e-05
A[T>C]T,0.0002388297343019206
C[T>C]A,0.0001371177841766077
C[T>C]C,0.0
C[T>C]G,6.216006216006216e-05
C[T>C]T,0.00020846362309776944
G[T>C]A,6.560603575528948e-05
G[T>C]C,0.0
G[T>C]G,0.00013935340022296544
G[T>C]T,6.593406593406594e-05
T[T>C]A,5.268703898840885e-05
T[T>C]C,5.94000594000594e-05
T[T>C]G,0.00015064494868656433
T[T>C]T,6.129328838492186e-05
A[T>G]A,0.0
A[T>G]C,0.0
A[T>G]G,6.36604774535809e-05
A[T>G]T,3.9804955716986765e-05
C[T>G]A,0.0
C[T>G]C,5.360493165371214e-05
C[T>G]G,9.324009324009324e-05
C[T>G]T,0.0
G[T>G]A,0.0
G[T>G]C,0.0
G[T>G]G,0.0
G[T>G]T,4.3956043956043955e-05
T[T>G]A,3.512469265893923e-05
T[T>G]C,0.0
T[T>G]G,3.766123717164108e-05
T[T>G]T,0.0
A[G>T]A,0.0003560076287349014
A[G>T]C,0.0006133401482238691
A[G>T]G,0.0003273322422258592
A[G>T]T,0.00033378849946897286
C[G>T]A,0.0008097165991902834
C[G>T]C,0.00015860428231562253
C[G>T]G,0.0004048582995951417
C[G>T]T,0.0006297795771479981
G[G>T]A,0.0004909983633387888
G[G>T]C,0.0005519144532597448
G[G>T]G,0.0004592422502870264
G[G>T]T,0.0005760759064723822
T[G>T]A,0.00041514041514041514
T[G>T]C,0.0007875123048797638
T[G>T]G,0.0002499305748403221
T[G>T]T,0.0006096467634929173
A[G>C]A,7.628734901462175e-05
A[G>C]C,5.111167901865576e-05
A[G>C]G,0.0
A[G>C]T,6.0688818085267795e-05
C[G>C]A,0.0
C[G>C]C,0.0
C[G>C]G,0.0
C[G>C]T,8.99685110211426e-05
G[G>C]A,0.0
G[G>C]C,0.0
G[G>C]G,0.0
G[G>C]T,3.388681802778719e-05
T[G>C]A,2.442002442002442e-05
T[G>C]C,2.8125439459991562e-05
T[G>C]G,0.0
T[G>C]T,1.7930787161556392e-05
A[G>A]A,5.085823267641449e-05
A[G>A]C,5.111167901865576e-05
A[G>A]G,4.676174888940846e-05
A[G>A]T,3.0344409042633897e-05
C[G>A]A,0.0
C[G>A]C,0.00015860428231562253
C[G>A]G,0.0
C[G>A]T,8.99685110211426e-05
G[G>A]A,0.0
G[G>A]C,0.0001379786133149362
G[G>A]G,0.0001148105625717566
G[G>A]T,3.388681802778719e-05
T[G>A]A,7.326007326007326e-05
T[G>A]C,8.437631837997468e-05
T[G>A]G,5.554012774229381e-05
T[G>A]T,3.5861574323112784e-05
A[A>T]A,3.333611134261188e-05
A[A>T]C,2.5015634771732333e-05
A[A>T]G,0.0
A[A>T]T,6.064894369756393e-05
C[A>T]A,6.565269723164461e-05
C[A>T]C,0.0
C[A>T]G,7.024938531787846e-05
C[A>T]T,0.0
G[A>T]A,0.0
G[A>T]C,0.0
G[A>T]G,0.0
G[A>T]T,3.4965034965034965e-05
T[A>T]A,6.41917192682144e-05
T[A>T]C,2.5262094227611468e-05
T[A>T]G,3.602954422626554e-05
T[A>T]T,4.946821667078902e-05
A[A>G]A,1.666805567130594e-05
A[A>G]C,2.5015634771732333e-05
A[A>G]G,5.305039787798408e-05
A[A>G]T,0.0
C[A>G]A,2.18842324105482e-05
C[A>G]C,6.703536115300821e-05
C[A>G]G,7.024938531787846e-05
C[A>G]T,3.178639542275906e-05
G[A>G]A,0.00014378145219266712
G[A>G]C,4.524886877828054e-05
G[A>G]G,0.0
G[A>G]T,0.0
T[A>G]A,4.2794479512142934e-05
T[A>G]C,7.578628268283441e-05
T[A>G]G,0.0
T[A>G]T,7.420232500618354e-05
A[A>C]A,1.666805567130594e-05
A[A>C]C,0.0
A[A>C]G,5.305039787798408e-05
A[A>C]T,0.0
C[A>C]A,0.0
C[A>C]C,3.3517680576504107e-05
C[A>C]G,0.0
C[A>C]T,3.178639542275906e-05
G[A>C]A,0.0
G[A>C]C,4.524886877828054e-05
G[A>C]G,0.0
G[A>C]T,0.0
T[A>C]A,4.2794479512142934e-05
T[A>C]C,2.5262094227611468e-05
T[A>C]G,0.00014411817690506215
T[A>C]T,4.946821667078902e-05
